rown,date,res,m2,exp,impt,usd,urru,sal,imo,bci,rate,cpi,ibk,epu,cons,news
1,2007-12-31,11466.1511100593,12869,927.830041128332,612.379127465568,24.5659149336316,2186.36642909321,11876,1888.86,12690.62,10,101.13,14.2977909027751,125.64629,103.07,0.79959946
2,2008-01-31,11639.7861098387,12509.7,829.852257,381.1881138,24.5011,2185.49812,12993,1574.33,10496.01,10,102.31,-12.4063413167014,124.26589,103.452107423436,0.738568120999999
3,2008-02-29,11801.4555784632,12662.9,861.0452965,514.6644019,24.5347,2236.092558,13494,1660.42,11192.66,10.25,101.2,10.7865553932448,143.63007,103.745149821044,0.164046271
4,2008-03-31,11853.9645045704,12973.8,936.3379049,552.1511466,23.7607,2352.3093,15742,1628.43,10861.12,10.25,101.2,14.5611868937499,145.35331,103.778687193798,0.407508092
5,2008-04-30,12220.9045415604,12944.4,952.8521675,592.7786797,23.5127,2486.468025,11430,1667.35,11286.48,10.5,101.42,12.1963125087157,145.44221,103.695993636813,0.542143446
6,2008-05-31,12650.3631747036,13312.8,1007.9774532,576.2922084,23.7294,2826.17154,11757,1925.24,13090.91,10.5,101.35,10.6046684720596,111.405,103.686282953008,0.738354992
7,2008-06-30,13123.1611862138,13841.2,1016.9841024,598.2912936,23.6376,3018.52152,12448,1753.67,12149.79,10.75,100.97,11.5518842372284,103.0275,103.835688141462,0.709404612
8,2008-07-31,13605.8460607459,13842.6,1086.872373,669.832443,23.3505,2832.182145,12494,1495.33,10368.79,11,100.51,14.9739908480388,25.98754,103.905258012578,0.839951426
9,2008-08-31,13733.7271780381,14196.6,1084.7546928,654.684882,24.1314,2707.54308,12787,1348.92,9086.68,11,100.36,8.76752123332238,85.45173,103.47119458543,0.493859521
10,2008-09-30,13724.9855492142,14045.7,1086.5417238,688.475151,25.2837,2467.941957,13712,1027.66,6879.83,11,100.8,6.26698487444111,120.65713,102.144925802431,0.056087347
11,2008-10-31,12437.9085463284,13173.1,1011.4381096,703.8669032,26.3512,1858.023112,13546,731.96,4616.05,11,100.91,-7.23519265917361,199.23496,100.296811542278,-0.434632883
12,2008-11-30,12081.7569596679,12839.2,801.6333653,575.5876676,27.3101,1414.390079,13270,611.32,4058.3,12,100.83,-27.2342867592391,111.72711,98.3549143024059,-1.760453747
13,2008-12-31,11583.0926966427,12975.9,835.2775288,654.2801012,28.1314,1126.099942,13677,619.53,4174.77,13,100.69,-14.5309006872587,143.16581,96.6256153585927,-2.149587034
14,2009-01-31,11689.3966214403,11430.9,593.804262,323.52702,31.4715,1356.106935,13986,624.9,4173.08,13,102.37,-40.8267573974024,121.89001,95.208013904291,-2.426604339
15,2009-02-28,13165.187856277,11465.1,622.8982143,472.385637,35.7597,1510.132131,14656,666.05,4374.56,13,101.65,-23.1653222881806,57.71405,94.2750130654792,-2.762068879
16,2009-03-31,12759.5239956983,11581.6,744.1857555,493.304295,34.6665,1582.525725,18591,772.93,5274.72,13,101.31,-13.7581148053229,94.72407,94.0427084260032,-2.80355471
17,2009-04-30,12360.0629470241,11838.7,632.0495144,474.6746884,33.5554,1647.57014,17290,920.35,6264.7,12.5,100.69,-17.3327606435665,92.35389,94.2551759374277,-2.345597188
18,2009-05-31,12415.2781777806,12331.6,678.3067584,420.435424,32.0576,1824.07744,15424,1123.38,7497.44,12,100.57,-14.8456228033581,45.95504,94.7064191443043,-2.315822511
19,2009-06-30,12282.9719353149,12650.5,731.3806126,455.1233278,31.0262,2121.571556,16962,971.55,6718.52,11.5,100.6,-8.25048145340728,122.24413,95.3175442585395,-2.143552605
20,2009-07-31,12129.4259050482,12618.1,824.6267232,479.4407376,31.5152,2043.76072,17556,1053.3,7213.29,11,100.63,-7.36922278787151,95.61376,95.9751595383095,-1.483087004
21,2009-08-31,12394.0439399525,12797.3,847.7751375,468.656295,31.6275,2285.719425,18966,1091.98,7544.74,10.75,100,-9.38338293686726,94.16583,96.5960828740068,-1.536724113
22,2009-09-30,12155.6003316387,13101.9,881.6065882,517.9704454,30.8114,2067.136826,14771,1197.2,8350.36,10,99.97,-5.7688312159803,32.38641,97.1455592086518,-1.526535775
23,2009-10-31,12203.2759097273,13376.9,889.0189176,542.6015932,29.4748,2141.933716,15354,1237.18,8648.04,9.5,100,-7.89405357365555,67.6296,97.6921699023768,-1.009848121
24,2009-11-30,12308.8376010829,13713.3,881.08624,534.5063302,28.9831,2211.990192,16172,1284.95,8876.82,9,100.29,-13.9945213890362,109.06281,98.3410940407681,-0.849567445999999
25,2009-12-31,12472.5512495101,15267.6,1008.4338198,616.070532,29.9354,2211.627352,16538,1370.01,9568.83,8.75,100.41,1.42725654905777,130.10646,99.1702353841272,-0.341146737
26,2010-01-31,12381.9862626885,14904.1,807.7911949,333.6327054,29.9437,2278.416133,16643,1419.42,9827.37,8.75,101.64,-28.5195341311753,93.9206,100.064035872067,-0.230364164
27,2010-02-28,12477.8519532824,15236.4,908.4897096,460.0410276,30.1884,2198.923056,17715,1332.64,9154.18,8.5,100.86,-5.81539868721106,146.21153,100.849809566125,-0.556297713
28,2010-03-31,12515.1406975691,15639.4,975.3886848,545.0492784,29.5644,2277.641376,17758,1450.15,9955.03,8.25,100.63,7.72308422369593,67.20616,101.369417447799,-0.535257557
29,2010-04-30,12717.4888837029,16098.6,954.570214,551.958992,29.198,2409.12698,17244,1436.04,9811.96,8.25,100.29,-0.592488015474373,71.59265,101.658969010462,0.138592708
30,2010-05-31,13020.326820825,16470.6,944.104496421544,578.281455999476,30.3512022253438,2249.02408489798,17739,1332.62,9150.58,7.75,100.5,1.41503798117782,162.10676,101.718856963477,0.107589975
31,2010-06-30,13495.1851121119,16900.9,983.455518400838,602.371959312068,31.1673803131406,2317.91807388827,17643,1309.31,8979.23,7.75,100.39,6.59406730680249,123.89997,101.513848255332,-0.099636685
32,2010-07-31,13747.8893418707,17063.3,942.8180922,638.5792917,30.6847,2264.53086,17598,1397.12,9648.34,7.75,100.36,3.66501374372072,123.31896,101.202838706413,-0.109344863
33,2010-08-31,13564.9978403812,17437.7,948.494221557886,716.225403066983,30.3421056160552,2289.31186873136,21681,1368.9,9364.41,7.75,100.55,4.29074176428125,161.87393,100.95767160276,-0.044872924
34,2010-09-30,14132.5745418531,17690.2,1038.24718779767,715.672081425486,30.8359723135631,2386.39589734665,18638,1440.3,9776.44,7.75,100.84,4.84972430608701,104.35623,100.887957130595,-0.612714467
35,2010-10-31,14061.0962088679,17848.3,1048.7304204505,741.409262230074,30.3197669909653,2471.9706027734,17441,1523.39,10463.83,7.75,100.5,0.376614038663888,83.02374,100.900049365591,-0.22545848
36,2010-11-30,13897.3233439805,18264.9,1068.5542032,760.0589568,30.9672,2624.160528,18419,1565.52,10671.83,7.75,100.81,-4.04588070444805,79.66758,100.863308273629,-0.07278793
37,2010-12-31,13685.5807801596,20011.9,1311.43262062184,831.650733325862,30.8521566006033,2768.67253333814,18673,1687.99,11393.51,7.75,101.08,7.7429660681467,122.25597,100.694555004402,0.189625274
38,2011-01-31,13560.7273744052,19307.7,890.194437,488.2080204,30.0843,2860.114401,20669,1723.42,11828.74,7.75,102.37,-21.7227721500035,56.33476,100.491360511972,0.266909674
39,2011-02-28,13417.9702855792,19536.7,1160.7240866,634.805314,29.2942,3236.130274,20680,1777.84,12123.66,8,100.78,-0.527015915599236,75.13648,100.411156238207,0.218139202
40,2011-03-31,13233.0538156798,19788.7,1207.2001988,761.7748552,28.4308,3216.376404,22673,1813.59,12411.57,8,100.62,12.3741127957816,84.23373,100.584786019421,0.207073222
41,2011-04-30,13580.3182597501,20020.8,1287.24594631592,756.530655827748,28.1039658169972,3456.50675583249,22519,1741.84,11893.21,8,100.43,1.70650275785476,111.9054,100.90706777434,0.0832455409999999
42,2011-05-31,13381.1926469685,20160.9,1227.34776419455,778.39694484329,27.8695647992585,3182.70430007532,22779,1666.3,11281.21,8.25,100.48,4.91942489638362,91.91007,101.249353837288,-0.095724737
43,2011-06-30,13544.4089932561,20721.9,1221.67204311322,768.945950170996,27.9840581618384,3077.12703547575,24137,1666.59,11544.74,8.25,100.23,7.15699716549057,92.58963,101.523439317646,0.357387977
44,2011-07-31,13677.8728452182,20828.1,1156.03148703093,749.251250976603,27.8998790160716,3181.42320420264,23598,1705.18,11544.06,8.25,99.99,3.67759333742501,162.23802,101.725466151301,0.318370896
45,2011-08-31,14278.9969439758,21061.9,1261.2159666,846.5641044,28.7673,3339.308184,23051,1546.05,10506.37,8.25,99.76,7.55247642940577,191.06544,101.854932677481,0.460011032
46,2011-09-30,14406.4022198451,21480.4,1312.2196485,818.3955105,30.4905,3174.67086,23468,1366.54,9303.84,8.25,99.96,3.12259128493218,241.77581,101.905761862294,-0.414111629
47,2011-10-31,14953.155509063101,21366.7,1418.54722509737,899.841811716684,31.3511884787361,3405.6796044451,23602,1498.6,10191.43,8.25,100.48,-0.0267627950083522,158.83226,101.929929829742,-0.47942821
48,2011-11-30,14278.2683354879,21920,1432.7232919,918.2303735,30.8597,3441.473744,24296,1499.62,10246.37,8.25,100.42,-2.56773898005855,271.63609,101.986636676909,-0.500621256
49,2011-12-31,14277.8689157542,24204.8,1580.43226367725,942.163836539802,31.4526401782608,3328.94743646712,32809,1402.23,9592.15,8,100.44,8.24502067588941,151.12303,102.118138506514,-0.369428388
50,2012-01-31,14385.5037495163,23349.1,1244.53109125674,603.123518691172,31.5095093616411,3483.69135502304,23746,1514.03,10362.82,8,100.5,-25.3330760726198,205.85338,102.293040579743,-0.288173433
51,2012-02-29,13859.5121644624,23542.5,1341.01268450644,737.964865222075,29.8819592331582,3621.09581987411,24036,1597.67,10955.11,8,100.37,3.14859243779674,194.12832,102.467890543839,0.116974949
52,2012-03-31,13688.4686091341,23747.8,1371.5492364,834.987699,29.3958,3551.306598,25487,1517.34,10362.35,8,100.58,10.8619311388582,219.37659,102.605371416067,0.381033711
53,2012-04-30,12591.0333572684,23923.8,1186.63160204629,707.465305622815,26.426555064167,3102.74183008385,25800,1473.5,10086.75,8,100.31,2.95957916468635,128.83169,102.692546676812,0.365244926
54,2012-05-31,14255.2815602748,24036.3,1393.6655986,862.9307192,30.6482,3096.081164,26385,1306.42,9066.19,8,100.52,6.02438501526586,103.85139,102.699926925952,0.260782513
55,2012-06-30,15403.0345298249,24461,1343.187692,887.9652228,32.9132,3074.751144,27494,1387.52,9559.83,8,100.89,4.97858495492466,98.41059,102.590842150708,-0.049771636
56,2012-07-31,15010.5062303374,24306.3,1337.5375,965.25,32.5,3443.05,26684,1407.02,9609.77,8,101.23,5.57238134904637,104.93922,102.410609005097,-0.059039191
57,2012-08-31,14890.7512410322,24284.2,1317.164927,959.676647,32.033,3641.51144,25718,1422.91,9718.29,8,100.1,5.47145839398334,78.06388,102.202520527991,0.054757031
58,2012-09-30,15018.9237383682,24437.8,1353.46634531762,862.712626910582,31.5272850062338,3463.58753078485,25996,1458.26,9986.09,8.25,100.55,0.504901787364076,250.45494,101.994984231524,-0.214505045
59,2012-10-31,14776.7227425985,24444.8,1447.02332287478,999.826579150927,31.0920353002745,3403.02326361504,26803,1425.7,9769.9,8.25,100.46,2.41599462923293,169.32165,101.816515521008,0.342827674
60,2012-11-30,14958.7376687015,24741,1421.87148348457,960.740104827746,31.4100796033526,3464.21767945376,27448,1405.97,9624.04,8.25,100.34,-4.43592725501455,36.58502,101.710178934204,0.131873638
61,2012-12-31,14957.5430653956,27164.6,1481.7772190325,979.23393382736,30.7403526550733,3369.14265099603,36450,1474.72,10102.06,8.25,100.54,5.63168486056898,156.4325,101.718961794646,0.412037499
62,2013-01-31,14529.597528236,26348.7,1171.40089989263,656.957595145653,30.257811124984,3504.7622626069,26840,1546.76,10602.53,8.25,100.97,-21.6414641338768,197.72759,101.799015741246,0.367856512
63,2013-02-28,14345.9738618588,26768.4,1259.60704114572,798.779610605162,30.1608371320481,3296.88110690418,26620,1486.04,10118.12,8.25,100.56,0.326451426740704,151.24526,101.90742139645,0.380732402
64,2013-03-31,14698.995171401,27198.6,1366.09256621384,873.749799429314,30.7983714990946,3312.67283844262,28693,1438.57,9766.5,8.25,100.34,6.54253662375694,230.15642,102.018681948241,0.545891337
65,2013-04-30,15236.7656435301,27377.1,1388.90887448304,935.139534758402,31.3290071613254,3176.44803608678,30026,1385.88,9392.15,8.25,100.51,4.45116500550338,167.34183,102.112865023523,0.51969462
66,2013-05-31,14789.0583007417,27593.4,1277.08508896438,824.221138045142,31.2406147157314,3123.43665927883,29723,1350.17,9148.54,8.25,100.66,-0.279921647067738,150.0586,102.160889664935,0.257931882
67,2013-06-30,15339.1351201575,28212.3,1346.20869923356,911.620886001231,32.2777639061442,3302.01524759855,30986,1330.46,8993,8.25,100.42,4.26656732834203,192.28786,102.126890784163,-0.005726671
68,2013-07-31,15392.7381274063,28443.9,1426.81655557844,990.702063128835,32.7364128846722,3553.21025450232,30229,1375.79,9294.64,8.25,100.82,5.78701425071952,82.51089,102.016742049125,-0.167643343
69,2013-08-31,15325.7873109298,28499.9,1399.82112376781,936.020393875827,33.0154278112175,3822.19607770465,29226,1364.65,9208.07,8.25,100.14,1.89190202115503,207.55934,101.815507236148,-0.325892886
70,2013-09-30,15643.6829890781,28352.6,1457.6750885797,936.174899642501,32.6284295149345,3491.24195809799,29346,1462.82,9923.83,8.25,100.21,-0.25588013820547,214.21663,101.501041436407,-0.276967775
71,2013-10-31,15397.4406632935,28276.4,1391.18093782258,982.643774657446,32.0622479332239,3413.98815992968,30069,1510.21,10278.04,5.5,100.57,0.727696422849107,153.68826,101.148678340305,-0.077391898
72,2013-11-30,15504.6037248271,28873.3,1523.5001712,972.5865264,32.6448,3614.432256,30290,1479.35,10064.13,5.5,100.56,-7.71995936234964,77.41041,100.859505922822,0.059557212
73,2013-12-31,15447.1112430391,31155.6,1623.845204,1068.430014,32.894,3577.2225,39648,1504.08,10176.9,5.5,100.51,4.38661453719018,206.56078,100.726539425234,0.344164147999999
74,2014-01-31,15296.7796084005,29861.2,1322.521753,701.827489,33.457,3590.27067,29535,1454.45,9828.99,5.5,100.59,-24.3475723816577,255.24071,100.7377036582,0.201234529
75,2014-02-28,15806.1845501098,30169,1279.9940343,848.5037093,35.2237,3808.738681,29255,1444.71,9741,5.5,100.7,-2.59355700863657,162.45726,100.908799499355,-0.034415209
76,2014-03-31,16033.2694095523,29519.3,1699.889184,991.167492,36.211,3807.58665,31486,1369.29,9267.08,5.5,101.02,4.86389891318873,123.9876,101.272339660341,-0.190383869
77,2014-04-30,15262.209498547,29879,1694.7200596,989.7219354,35.6618,3840.062624,32947,1306.01,8790.54,7,100.9,1.66678376818584,254.08472,101.706452845651,-0.359713861
78,2014-05-31,14800.8723137761,29890.8,1534.8626205,913.6527771,34.9269,3730.542189,32272,1432.03,9626.25,7.5,100.9,-1.5324073707736,370.50622,102.054081234635,-0.435737348
79,2014-06-30,14862.0955752428,30073.1,1396.9039,920.2018425,34.4065,3759.94232,33726,1476.38,9938.21,7.5,100.62,0.751710943510517,143.52719,102.171604939168,0.044413829
80,2014-07-31,14638.5911410587,30178.3,1599.626712,1009.7199856,34.6352,3638.081408,32515,1379.61,9256.28,7.5,100.49,3.57361937543016,153.22808,102.063951257663,0.078807754
81,2014-08-31,15138.6671145351,30338.7,1495.42230714431,912.787894622316,36.1099728863959,3624.35797860756,30763,1400.71,9364.82,8,100.24,-3.44603327200099,246.01304,101.670523441933,-0.329736366
82,2014-09-30,15497.0716423268,30297.6,1441.08654195949,986.008574473095,37.8695154769403,3511.2614750219,31929,1411.07,9479.29,8,100.65,0.0164783719113757,284.68491,100.876306850101,-0.761372088
83,2014-10-31,15622.1283044717,29831.2,1691.5758678,1091.7271365,40.7589,3396.031548,32439,1488.47,10041.34,8,100.82,-3.94255805542295,161.58383,99.808749233734,-0.595116797
84,2014-11-30,17137.7511588983,30141.9,1682.37030041671,1058.19491211293,45.8648973696659,3274.29502322045,32546,1533.68,10308.24,8,101.28,-13.2365276247794,315.32688,98.5699545151011,-1.001335008
85,2014-12-31,18805.5394212179,31615.7,2110.8512183,1355.2381867,55.4131,2960.167802,42136,1396.61,9298.92,9.5,102.62,1.27755769242802,321.74313,97.2422175889727,-0.974402101
86,2015-01-31,20184.5058834913,31033.8,1721.45703319315,750.010096250884,61.6987575066538,2938.09483246685,30929,1647.69,10948.57,17,103.85,-30.0023009945264,345.45509,96.0647962266809,-1.551464015
87,2015-02-28,20257.7950388489,31225,1900.25629198401,996.501871018312,64.6323693746473,3909.61202347242,31325,1758.97,11756.36,17,102.22,-10.3813907386249,298.55556,95.4099826018854,-1.756337226
88,2015-03-31,18617.9586554303,31028.9,1982.00879996913,1028.92187573538,60.2342744254407,3158.68535087011,32642,1626.18,10811.84,15,101.21,-2.97619675773848,239.86108,95.6088592525024,-1.972269835
89,2015-04-30,16268.7931725053,31718.6,1623.883621,854.898198,52.8694,3336.05914,34377,1688.34,11299.1,14,100.46,-5.24520377423383,222.46183,96.2544473051368,-1.53792343099999
90,2015-05-31,15624.1265565457,31842.2,1550.5007778,773.378903,50.5807,3154.212452,34380,1609.19,10736.97,14,100.35,-7.25704209264873,124.70786,96.8717575818418,-0.836182711
91,2015-06-30,17077.0293706561,31958,1639.7899824,884.0412558,54.4998,3284.157948,35395,1654.55,11096.41,12.5,100.19,-2.94399971835927,161.08894,97.1411303048602,-0.845598354
92,2015-07-31,17842.7606113515,32094.2,1559.1927706,956.6191499,57.0673,2958.368832,33901,1669,11150.73,11.5,100.8,-4.17708095683773,62.65725,97.1498525772962,-0.628935402
93,2015-08-31,20761.2037574188,32383.6,1631.002651,1057.539148,65.1515,3066.681105,32176,1733.17,11592.75,11.5,100.35,-7.20088624116349,180.08744,97.0262381314991,-0.761690482
94,2015-09-30,21523.6656123792,32074.4,1758.8220066,1123.7419122,66.7662,3067.239228,32911,1642.97,10906.2,11,100.57,-7.77183498875556,315.69951,96.8343575280303,-1.678045848
95,2015-10-31,20121.5926866551,32170.2,1700.4900528,1066.8739884,63.0652,2926.22528,33357,1711.53,11294.06,11,100.74,-8.65746014535091,174.17343,96.6011050728629,-1.167661566
96,2015-11-30,20615.0567268972,32754.2,1650.619984,1068.637284,65.026,2788.31488,33347,1771.05,11732.73,11,100.75,-15.0386749154937,155.72328,96.3149843636561,-1.21505909
97,2015-12-31,22279.8166971939,35179.7,1999.8078924,1219.4035515,69.6603,2449.256148,43408,1761.36,11637.91,11,100.77,-2.76124339413485,195.30061,95.9662656877272,-0.889527245
98,2016-01-31,24413.8064283189,33975.7,1307.6215394,750.6109064,76.2506,2416.381514,32660,1784.92,11874.94,11,100.96,-29.8692181044927,55.0955,95.6400116740644,-1.022556978
99,2016-02-29,24962.4328248516,34318.9,1554.772349,993.0929814,77.2174,2623.075078,33873,1840.17,12201.68,11,100.63,-7.97879024852617,190.36955,95.4786058548659,-1.672402188
100,2016-03-31,23175.8695946223,34698.7,1633.8724535,1081.8723272,70.4711,2537.664311,35501,1871.15,12372.7,11,100.46,-2.37999601614658,183.25971,95.6218165648135,-1.54512814199999
101,2016-04-30,22072.8745819992,35113.1,1450.348725,1007.7756451,66.6827,2956.710918,36497,1953.05,12927.61,11,100.44,-6.98331103186504,135.03347,95.9820126458815,-1.12873918
102,2016-05-31,21654.738044951,35650.5,1447.343846,947.976731,65.663,3132.78173,37270,1899.01,12451.26,11,100.41,-6.6044439738339,73.06627,96.4871428517784,-0.730799465999999
103,2016-06-30,21502.5435252055,35867.9,1569.825628,1043.720492,65.306,3059.5861,38447,1891.09,12360.15,11,100.36,-2.51405447236104,249.32166,97.1067298812689,-0.558014066
104,2016-07-31,21191.0541846571,36039,1443.9766299999999,1038.608096,64.334,2541.83634,35888,1944.62,12649.98,10.5,100.54,-3.81010976860449,97.64325,97.7329302866656,-0.108641535
105,2016-08-31,21456.3001646479,36194.4,1500.0482255,1197.7662719,64.9231,2876.742561,35405,1971.59,12810.85,10.5,100.01,-1.17540315864733,313.06868,98.2367801445205,-0.033417964
106,2016-09-30,21461.3262109014,36148.8,1638.7765144,1160.1082984,64.5976,2993.452784,35843,1978,12924.39,10.5,100.17,-2.83048200353687,237.50038,98.5178273504099,-0.387667794
107,2016-10-31,20452.9442022437,36051,1551.3877298,1139.518764,62.6798,2811.18903,35749,1989.64,13012,10,100.43,-5.772767896847,113.41356,98.6761144612603,-0.525729409
108,2016-11-30,20829.2222090686,36433,1707.6313584,1133.722538,64.3612,3015.32222,36195,2104.91,13791.86,10,100.44,-9.71061809292399,233.34311,98.8276790180573,-0.215534104
109,2016-12-31,19746.4076911617,38417.9,1940.7223023,1216.1461779,62.1847,3324.394062,47554,2232.72,14736.86,10,100.4,-0.29179162087965,323.78206,99.0428139635919,0.0826448479999999
110,2017-01-31,19644.1497656757,38016.8,1524.3162592,816.4780844,59.9558,3234.61541,34422,2217.39,14443.65,10,100.62,-22.8552223932003,400.01677,99.291050614261,0.392892794
111,2017-02-28,19296.797622223,38475.2,1507.684022,903.6761396,58.3921,3054.490751,35497,2035.77,13222.07,10,100.22,-8.83045555238979,227.87813,99.5156663003247,0.510760847
112,2017-03-31,19193.5289242674,38555.2,1820.3308173,1104.1446111,58.1037,2940.04722,37899,1995.9,12953.76,10,100.13,3.58995350070529,291.41493,99.6750903010299,0.729786434
113,2017-04-30,18753.7229124143,38664.5,1469.94507,1030.63752,56.43,2785.3848,39225,2016.71,13074.91,9.75,100.33,-7.06089369076244,143.63007,99.8079307443379,0.913982265
114,2017-05-31,19233.2381202932,39223.6,1613.9091,1122.59012,57.17,2752.7355,39679,1900.38,12272.49,9.75,100.37,-1.31923491072271,139.03436,99.970098134817,0.87315744
115,2017-06-30,19858.3575996964,39623.1,1706.51299115671,1203.7811443633,57.8184987686503,2664.27642325941,41454,1879.5,12146.89,9.25,100.61,-1.04518581161511,107.03203,100.198512438932,0.822313455
116,2017-07-31,20788.2265752738,39275.9,1469.87097072382,1243.60845870853,59.6683839702776,3087.24218662216,38073,1919.53,12345.46,9,100.07,-2.68735178338954,181.05177,100.445483223161,0.526740932
117,2017-08-31,20904.6430926632,39419.3,1733.09765830282,1338.89190308106,59.6468081739681,3083.14351451241,37099,2022.22,13016.65,9,99.46,0.423642482221226,149.64943,100.639937935676,0.346706145
118,2017-09-30,20259.45131921,39571,1774.14506545847,1186.07116047268,57.6938982621206,3246.43565520953,38047,2077.19,13417.52,9,99.85,-3.51650455475769,101.00841,100.730093707902,0.315803251
119,2017-10-31,20271.2001003377,39667.5,1819.81819007512,1242.69283886549,57.7298540771854,3530.18057681989,38333,2064.31,13300.91,8.5,100.2,-2.43858529598808,274.8134,100.778645227794,0.79526395
120,2017-11-30,20946.1672340617,40114.4,1969.10419198373,1296.90677938859,58.9181709698613,3731.28776752132,38848,2100.62,13621.36,8.25,100.22,-8.2065668596544,250.45494,100.872608967617,0.753071039
121,2017-12-31,20861.6808858117,42442.2,2178.8868024,1416.7363248,58.5864,3909.470472,51197,2109.74,13672.33,8.25,100.42,0.0139360977460399,320.66006,101.074771664045,0.542624318
122,2018-01-31,20859.1077150027,41597.5,1909.088166,949.7742018,56.7843,3785.809281,39017,2289.99,15017.86,7.75,100.31,-22.0007847162703,72.88907,101.329726578347,0.699308447
123,2018-02-28,21192.4313799982,42045.5,1778.361918,1086.729388,56.8076,3626.029108,40443,2296.8,15040.05,7.75,100.21,-6.69833151978401,206.45942,101.551353385742,1.137026072
124,2018-03-31,21530.0233568336,42377,2089.5787178,1235.2799129,57.0331,3859.429877,42364,2270.98,14911.97,7.5,100.29,2.36890727011198,87.84682,101.657505846899,0.685640166
125,2018-04-30,22884.7418138807,43122,2176.1503484,1268.4189588,60.4268,4421.428956,43381,2307.02,15270.03,7.25,100.38,-2.40892038652316,332.26183,101.638027586324,0.481237868
126,2018-05-31,23397.1211649423,43257.4,2273.1389604,1328.3511948,62.2062,4712.11965,44076,2302.88,15295.57,7.25,100.38,-1.18275711953473,217.15746,101.448599631211,0.457759002
127,2018-06-30,23740.5661826672,44126.7,2278.183372,1320.7669015,62.7115,4793.66706,45848,2295.95,15277.87,7.25,100.49,-2.72217742957505,69.94087,101.030218672012,0.479416165
128,2018-07-31,23932.6456804668,43910.3,2161.0485105,1335.854586,62.8815,4575.25794,42413,2321.11,15427.62,7.25,100.27,-2.15722954788288,120.50759,100.498625017551,0.201523826
129,2018-08-31,25336.7953244263,44369.1,2480.1262656,1432.3317424,66.0944,5081.998416,41364,2345.85,15618.89,7.25,100.01,-0.192554622266584,212.81773,99.983398382641,0.23049498400000001
130,2018-09-30,25817.832477182,44254.7,2616.4390626,1340.0134803,67.6467,5551.764669,41774,2475.36,16597.36,7.25,100.16,-5.54704808854791,289.8225,99.58026637096,-0.247558385
131,2018-10-31,24936.5866454901,44218.4,2724.2912697,1416.53395,65.8853,4828.733637,42332,2352.71,15723.13,7.5,100.35,-1.67547390095874,247.70269,99.2870459383758,-0.109315008
132,2018-11-30,25115.3231047774,44891.6,2667.8477875,1409.666475,66.2375,3835.813625,42595,2392.5,15965.66,7.5,100.5,-8.50609697657325,337.34747,99.1171328188361,-0.298918076
133,2018-12-31,25681.0305578595,47109.3,2777.7843371,1509.5322583,67.3027,3406.862674,55569,2369.33,15796.11,7.5,100.84,-0.90096109968016,175.41591,99.1030793711598,-0.014599497
134,2019-01-31,26021.3341307121,45721.2,2076.8128832,1102.1706032,67.3328,4239.273088,42263,2521.1,16924.6,7.75,101.01,-20.5225526096438,334.68366,99.1768651127852,-0.177300789
135,2019-02-28,25748.3653822378,46212.6,2287.8203634,1197.4537926,65.8593,4263.072489,43062,2485.27,16638.24,7.75,100.44,-6.38218091085631,125.48891,99.2804976960434,-0.39038259
136,2019-03-31,25912.141873405,46141.2,2412.8278731,1361.8774674,65.1429,4470.757227,46324,2497.1,16729.6,7.75,100.32,1.20989364723076,203.07158,99.3887746951306,-0.016582936
137,2019-04-30,25914.8281423776,46435.9,2370.991581,1422.86634,64.617,4722.85653,48030,2559.32,17266.96,7.75,100.29,-0.27148323156581,223.45422,99.5021985514465,0.154189998
138,2019-05-31,26272.258184104,46735.3,2105.197696,1286.9706112,64.8152,4386.692736,47926,2665.33,18134.33,7.75,100.34,-3.32269702817251,256.2511,99.6352471031054,0.137494056
139,2019-06-30,26850.192375794,47349.4,2079.3998742,1282.8221604,64.2246,4256.164242,49348,2765.85,18763.64,7.75,100.04,-1.73335575938231,308.56872,99.7994972572169,0.185526979
140,2019-07-31,26407.193252012,47351,2108.9904693,1410.0804696,63.1983,4100.937687,46509,2739.5,18672.57,7.5,100.2,1.44226592231561,317.88512,99.9671239668248,-0.112383873
141,2019-08-31,27495.3172833543,47584.1,2247.275901,1436.7625428,65.5278,4068.621102,44961,2740.04,18580.14,7.25,99.76,-1.16074531840806,185.52218,100.09974513399,-0.266600472
142,2019-09-30,27490.2782525675,48266.8,2305.7975575,1360.150894,64.9795,3894.87123,45541,2747.18,18609.68,7.25,99.84,-2.68371016171233,326.32566,100.173889957378,-0.425530127
143,2019-10-31,27864.6981086872,48082.4,2381.737839,1534.0039143,64.3539,3870.887085,46549,2893.98,19743.58,7,100.13,-2.48535869311107,373.73587,100.241472822287,0.303820559
144,2019-11-30,27853.1704836614,49195.3,2284.19559,1482.753705,63.865,4160.80475,46285,2935.37,20062.09,6.5,100.28,-8.982170585631,431.24692,100.355648477261,0.113629596
145,2019-12-31,27941.5184351467,51660.3,2493.6972788,1532.167182,62.9356,4170.742212,62239,3045.87,20823.93,6.5,100.36,0.0694976335355477,323.16767,100.503229169181,0.234380499
146,2020-01-31,27583.1911223066,50622.9,1889.7511104,1055.3396256,61.7808,3606.145296,46674,3076.65,20768.01,6.25,100.4,-19.8772624384252,346.33974,100.49050898829,0.314847379
147,2020-02-29,28784.7215680257,51314.2,1832.1373232,1178.54172,63.8776,3121.059536,47257,2785.08,18615.21,6.25,100.33,-7.848867716152,283.86865,99.9887782334672,-0.005065133
148,2020-03-31,32450.3382758278,52327,2192.24556,1498.509928,73.148,1105.26628,50948,2508.81,16549.31,6,100.55,-22.1484655213522,793.63449,98.7401386503147,-0.013883929
149,2020-04-30,33089.3542603443,52951.7,1878.6925113,1320.2070288,75.2169,1412.573382,49306,2650.56,17472.1,6,100.83,-38.9704161833772,693.56753,97.2523292431754,-1.40009461
150,2020-05-31,31844.8420082259,53068,1523.814446,1250.506642,72.611,2574.78606,50747,2734.83,18141.66,5.5,100.27,-25.2138843258782,680.48135,96.2129628149354,-2.159193958
151,2020-06-30,30324.7185670512,54392.6,1694.7548811,1324.9725597,69.2217,3056.830272,52123,2743.2,18212.13,5.5,100.22,-8.84506291880629,743.92557,96.1429323308133,-2.593329415
152,2020-07-31,31893.8733586747,54687.4,1756.6146475,1407.544245,71.2825,3105.778525,50145,2911.57,19189.96,4.5,100.35,-1.81262969260561,483.3341,96.601374303251,-2.404199366
153,2020-08-31,33196.33116558,55294.2,1717.477581,1472.840526,73.797,3328.2447,47649,2966.2,19598.33,4.25,99.96,-0.979984876927119,223.62048,97.0280795048145,-1.802763871
154,2020-09-30,33612.4256812478,56023.9,2345.5685565,1552.8185838,75.6513,3063.121137,49259,2905.81,18958.2,4.25,99.93,-4.4368350693525,392.8705,97.0574312245348,-1.53896427699999
155,2020-10-31,34463.7482194171,55871.6,2219.5799409,1700.0460057,77.5887,2880.092544,49539,2690.59,17409.38,4.25,100.43,-10.9148507829361,306.67952,96.8640802951234,-0.94392439
156,2020-11-30,34588.2329903181,56122.6,2322.853082,1754.04141,77.033,3614.38836,49274,3107.58,20341.87,4.25,100.71,-14.9723340819441,502.58517,96.7474032588629,-0.89227994
157,2020-12-31,33842.3340706153,58652.1,2677.8105648,1869.3282976,74.0504,3774.348888,69278,3289.02,21651.06,4.25,100.83,-3.92745984530961,437.84007,96.9386631826282,-0.306239578
158,2021-01-31,33690.3916463093,57598.4,1981.79949,1312.3669207,74.2247,4142.480507,49516,3277.08,21375.21,4.25,100.67,-20.6938728121437,503.00574,97.3314965797583,-0.037475351
159,2021-02-28,33914.1901932835,58178.2,2254.9602698,1566.5789228,74.3794,4828.710648,51229,3346.64,21601.18,4.25,100.78,-5.38170026183002,417.90859,97.7733911292772,0.415527554
160,2021-03-31,33337.8769741667,58261.6,2700.6855435,1922.9595399,74.4093,4585.845159,55208,3541.72,22832.06,4.25,100.66,5.48479313150381,375.68241,98.1555899217512,0.805707533
161,2021-04-30,34973.5715856207,59206.3,2791.5257864,2000.6213808,76.0924,4998.509756,56614,3544,22616.62,4.5,100.58,3.61618903969384,282.94073,98.4539345527563,0.722062184
162,2021-05-31,34483.7752419665,59194.1,2582.659002,1809.512438,74.042,5015.60508,56171,3721.63,23838.45,5,100.74,1.10549190729685,348.45905,98.6363089161964,0.922148861
163,2021-06-30,33448.4124333658,59583.9,3141.6396224,1836.2726975,72.5083,5431.596753,58782,3841.85,24642.75,5,100.69,2.95344653334232,420.34396,98.6539371590901,0.816343415999999
164,2021-07-31,34454.9282659272,59379.7,3209.1978384,1942.918859,73.9174,5467.670078,55170,3771.58,24250.51,5.5,100.31,2.32009372585523,224.52738,98.5486519039231,1.392189327
165,2021-08-31,35728.0946610755,59816.9,3186.1310126,1916.7270805,73.5929,5216.264752,52355,3918.96,25107.6,6.5,100.17,3.40115064709204,185.33151,98.3387184771568,1.243501705
166,2021-09-30,35385.7885594533,60606.2,3309.470073,1861.198794,72.891,5529.51126,54687,4103.52,26720.38,6.5,100.6,0.854912285946114,377.25431,98.0275726357977,1.04371663182114
167,2021-10-31,35129.3873766957,60813.7,3361.19638,1921.561976,71.492,5869.4932,54649,4150,27131.09,6.75,101.11,-4.61520459903394,268.34458,97.7172064655671,0.9220681334709
168,2021-11-30,35549.9575010325,62312.5,3564.7906904,2021.9667584,72.5864,5033.140976,55639,3890.59,25453.69,7.5,100.96,-7.8915440525719,204.45301,97.5331241078702,0.318006472314193
169,2021-12-31,36677.9210000661,66252.9,4268.4744256,2268.4747772,73.7164,5661.41952,77994,3787.26,24747.2,7.5,100.82,3.33599714925893,393.8606,97.5485178156371,0.061635876440606203
170,2022-01-31,37778.266491592,65310.3,3556.5494796,1828.044279,75.8682,6982.909128,55717,3530.38,23257.35,8.5,100.99,-18.3161052248933,275.27104,97.5821601966311,0.223207091489282
171,2022-02-28,36806.2397617278,66659.7,3979.3594224,2101.9017924,77.3412,7291.728336,57344,2470.48,16060.83,8.5,101.17,-11.970996373122,702.5749,97.3761055628757,-0.10673817676224
172,2022-03-31,48140.9459332943,68203.5,5828.0014488,1919.9610544,103.6808,8596.175128,66757,2703.51,17577.38,20,107.613064489616,-7.67140167862775,382.16558,96.7551426068557,-0.144439509633056
173,2022-04-30,35173.3104339286,68475.3,3768.4406448,1306.4892399,77.8089,6178.804749,62269,2445.17,15862.15,20,101.511403486082,-9.96351710437494,964.14071,96.0259440924674,-0.265622152419797
174,2022-05-31,29039.5363246147,68993.4,3195.3791562,1216.7055439,64.6393,6336.590579,62457,2355.75,15331.74,17,100.213359964184,-6.85991926138271,470.90146,95.6325545250649,-0.364826854282305
175,2022-06-30,25625.8488620365,69623.2,3084.6096036,1210.4815644,57.1764,5202.480636,66572,2204.85,14087.35,11,99.7781828305266,-1.46272148427107,659.50518,95.9201133798747,-0.702043961537595
176,2022-07-31,25887.6117480894,70825.4,2664.0945038,1257.8736008,58.0843,4809.960883,62200,2213.81,14199.99,9.5,99.7298518272778,-1.22301160872499,575.20752,96.562769383425,-0.834286199496258
177,2022-08-31,26225.6848201474,73333.3,2947.3098106,1418.5565422,60.3487,4715.647418,59907,2400.08,15617.35,8,99.9572008758508,2.41594771571397,462.37836,97.1450494161114,-0.505984661885646
178,2022-09-30,24924.9267987364,75096.8,2789.7564728,1414.669256,59.7916,4209.32864,61879,1957.31,12902.2,8,100.275984972955,-5.9616918523852,683.05893,97.3881302660239,-0.3144209437976
179,2022-10-31,25723.7875670753,75636.5,2666.434316,1536.6233092,60.8636,4567.204544,62470,2166.61,13990.17,7.5,100.137925278636,-7.81277792304871,619.34628,97.4364863536355,-0.391226943937146
180,2022-11-30,26555.4882303426,76873.3,2728.9608921,1601.3751194,60.8749,4050.615846,63060,2174.53,14031.22,7.5,100.25807226625,-7.88596182208417,559.29213,97.5182613532932,-0.794078236658376
181,2022-12-31,29128.1315090548,82388,3559.7341306,1944.6907468,65.3414,3677.413992,88468,2154.12,13791.28,7.5,100.281795485397,1.22230015385773,571.86329,97.8003645770088,-0.817975576643949
182,2023-01-31,31351.8762989772,82221.7,2323.307,1669.602,69.2264,3880.13972,63260,2225.6,14094.58,7.5,100.78,-16.6021681682194,392.54979,98.2101484462037,-0.480049268448537
183,2023-02-28,32020.6236707698,83955.9,2232.849,1645.964,73.0047,4399.993269,65094,2253.16,14238.74,7.5,100.84,-2.04989373303107,264.40991,98.6360429109803,-0.273628107742536
184,2023-03-31,33987.0252126479,84813.4,3115.198,2130.006,76.0825,4450.82625,71334,2450.67,15550.17,7.5,100.46,7.98124305465564,356.25056,99.0005092239136,0.0840832581336721
185,2023-04-30,36149.3370751357,84636,2553.957,2006.155,80.8803,5030.75466,71204,2634.94,16765.83,7.5,100.37,2.48028772670577,650.53232,99.3168831182618,0.00114222133842142
186,2023-05-31,34594.3442535021,86197.3,2949.233,2126.87,78.9367,4231.00712,72851,2717.64,17382.12,7.5,100.38,6.44261226972645,298.45673,99.6145510808248,0.496998797214917
187,2023-06-30,36528.4826653449,87276.8,2865.738,2116.335,83.1468,4778.446596,76639.25,2797.37,17675.05,7.5,100.31,5.63209332178599,628.20382,97.8827278581721,0.641249873820179
188,2023-07-31,40136.427768723,88294,2862.586,2304.717,90.4165,6349.950795,71427.78,3073.5,19361.8,8.5,100.37,4.75969563066988,423.76324,97.8656450335501,0.462942009337296
189,2023-08-31,41613.085313725,90110.9,3538.445,2424.631,95.2629,6775.097448,69427.8,3227.99,20375.13,12,100.63,6.69552513701629,280.3019,97.8485622089282,0.60811180087446
190,2023-09-30,41398.1500956474,90597.3,3893.908,2401.254,96.6494,7927.183788,70885.78,3133.26,19770.45,13,100.28,1.20240286045063,469.60302,97.8314793843062,0.243075136357314
191,2023-10-31,41433.1985252539,91134.7,3322.483,2275.489,97.0068,7353.11544,73792.1,3200.97,20406.85,15,100.87,-0.817472640191454,458.61536,97.8143965596843,0.425871867856003
192,2023-11-30,39885.5654815169,92546.9,3055.611,2203.967,90.5715,5850.9189,73349.35,3165.79,20215.07,15,100.83,-3.62462776077894,474.23421,97.7973137350623,0.848449821584231
193,2023-12-31,40164.4868974048,98385.4,3507.496,2528.381,90.7596,5418.34812,10379.3,3099.11,19746.46,16,101.11,3.56631166642919,568.76222,97.7802309104404,0.460260068853364
